city,country,time,max_temp,min_temp,mean_temp,Weather_condtion
Berlin,Germany,2026-08-12,25.0,13.2,19.1,soft
Hamburg,Germany,2026-08-12,23.7,10.9,17.3,soft
Munich,Germany,2026-08-12,29.8,16.7,23.25,hot
Cologne,Germany,2026-08-12,32.0,17.1,24.55,hot
Frankfurt am Main,Germany,2026-08-12,31.2,15.4,23.3,hot
Stuttgart,Germany,2026-08-12,32.7,18.0,25.35,hot
Düsseldorf,Germany,2026-08-12,32.5,16.3,24.4,hot
Dortmund,Germany,2026-08-12,30.0,14.4,22.2,hot
Essen,Germany,2026-08-12,31.1,15.4,23.25,hot
Leipzig,Germany,2026-08-12,26.2,13.2,19.7,soft
Bremen,Germany,2026-08-12,24.6,9.3,16.95,soft
Dresden,Germany,2026-08-12,26.2,12.9,19.55,soft
Hanover,Germany,2026-08-12,26.1,11.0,18.55,soft
Nuremberg,Germany,2026-08-12,30.1,15.0,22.55,hot
Duisburg,Germany,2026-08-12,32.2,15.9,24.05,hot
Bochum,Germany,2026-08-12,30.6,14.9,22.75,hot
Wuppertal,Germany,2026-08-12,30.7,14.8,22.75,hot
Bielefeld,Germany,2026-08-12,26.6,10.7,18.65,soft
Bonn,Germany,2026-08-12,32.1,15.7,23.9,hot
Münster,Germany,2026-08-12,28.4,13.5,20.95,hot
Karlsruhe,Germany,2026-08-12,33.1,17.2,25.15,hot
Mannheim,Germany,2026-08-12,32.8,16.8,24.8,hot
Augsburg,Germany,2026-08-12,29.7,15.6,22.65,hot
Wiesbaden,Germany,2026-08-12,31.6,17.7,24.65,hot
Gelsenkirchen,Germany,2026-08-12,31.1,15.0,23.05,hot
Mönchengladbach,Germany,2026-08-12,32.4,15.3,23.85,hot
Braunschweig,Germany,2026-08-12,25.6,10.5,18.05,soft
Chemnitz,Germany,2026-08-12,25.2,10.8,18.0,soft
Kiel,Germany,2026-08-12,20.1,9.4,14.75,soft
Aachen,Germany,2026-08-12,31.6,16.1,23.85,hot
Halle (Saale),Germany,2026-08-12,26.0,11.2,18.6,soft
Magdeburg,Germany,2026-08-12,25.6,11.1,18.35,soft
Freiburg im Breisgau,Germany,2026-08-12,34.0,17.3,25.65,hot
Krefeld,Germany,2026-08-12,32.4,15.4,23.9,hot
Lübeck,Germany,2026-08-12,21.5,9.4,15.45,soft
Oberhausen,Germany,2026-08-12,31.6,14.9,23.25,hot
Erfurt,Germany,2026-08-12,26.5,11.8,19.15,soft
Mainz,Germany,2026-08-12,31.4,16.7,24.05,hot
Rostock,Germany,2026-08-12,19.4,11.7,15.55,soft
Kassel,Germany,2026-08-12,27.5,8.0,17.75,soft
Hagen,Germany,2026-08-12,30.4,13.6,22.0,hot
Saarbrücken,Germany,2026-08-12,32.8,17.4,25.1,hot
Hamm,Germany,2026-08-12,28.2,11.3,19.75,soft
Potsdam,Germany,2026-08-12,24.4,10.9,17.65,soft
Ludwigshafen am Rhein,Germany,2026-08-12,32.8,16.4,24.6,hot
Oldenburg,Germany,2026-08-12,24.8,6.9,15.85,soft
Leverkusen,Germany,2026-08-12,31.9,15.6,23.75,hot
Osnabrück,Germany,2026-08-12,26.5,11.4,18.95,soft
Solingen,Germany,2026-08-12,30.7,14.6,22.65,hot
Heilbronn,Germany,2026-08-12,32.6,17.0,24.8,hot
Paderborn,Germany,2026-08-12,27.4,12.0,19.7,soft
Ingolstadt,Germany,2026-08-12,30.2,15.6,22.9,hot
Würzburg,Germany,2026-08-12,30.3,14.4,22.35,hot
Fürth,Germany,2026-08-12,30.2,13.4,21.8,hot
Ulm,Germany,2026-08-12,29.7,14.9,22.3,hot
Heidelberg,Germany,2026-08-12,33.1,15.2,24.15,hot
Pforzheim,Germany,2026-08-12,31.5,14.6,23.05,hot
Würselen,Germany,2026-08-12,30.9,13.7,22.3,hot
Göttingen,Germany,2026-08-12,26.3,8.7,17.5,soft
Bremerhaven,Germany,2026-08-12,23.6,9.8,16.7,soft
Regensburg,Germany,2026-08-12,29.9,15.4,22.65,hot
Recklinghausen,Germany,2026-08-12,29.9,13.1,21.5,hot
Bergisch Gladbach,Germany,2026-08-12,31.9,15.6,23.75,hot
Jena,Germany,2026-08-12,26.6,9.9,18.25,soft
Remscheid,Germany,2026-08-12,29.6,13.8,21.7,hot
Koblenz,Germany,2026-08-12,31.8,15.3,23.55,hot
Erlangen,Germany,2026-08-12,30.3,11.1,20.7,hot
Moers,Germany,2026-08-12,31.9,15.6,23.75,hot
Siegen,Germany,2026-08-12,29.4,13.5,21.45,hot
Hildesheim,Germany,2026-08-12,25.5,10.6,18.05,soft
Cottbus,Germany,2026-08-12,24.8,11.4,18.1,soft
Kaiserslautern,Germany,2026-08-12,31.5,15.5,23.5,hot
Gütersloh,Germany,2026-08-12,27.8,12.0,19.9,soft
Trier,Germany,2026-08-12,34.0,17.5,25.75,hot
Erlangen,Germany,2026-08-12,30.3,11.1,20.7,hot
Zwickau,Germany,2026-08-12,26.0,8.8,17.4,soft
Darmstadt,Germany,2026-08-12,31.6,15.5,23.55,hot
Ratingen,Germany,2026-08-12,32.1,15.0,23.55,hot
Hagen,Germany,2026-08-12,30.4,13.6,22.0,hot
Rostock,Germany,2026-08-12,19.4,11.7,15.55,soft
Witten,Germany,2026-08-12,30.5,13.8,22.15,hot
Salzgitter,Germany,2026-08-12,25.6,9.5,17.55,soft
Tübingen,Germany,2026-08-12,32.7,16.4,24.55,hot
Ravensburg,Germany,2026-08-12,31.9,16.5,24.2,hot
Neuss,Germany,2026-08-12,32.9,16.2,24.55,hot
Düren,Germany,2026-08-12,31.6,14.1,22.85,hot
Wolfsburg,Germany,2026-08-12,25.1,8.5,16.8,soft
Pforzheim,Germany,2026-08-12,31.5,14.6,23.05,hot
Bayreuth,Germany,2026-08-12,28.8,10.9,19.85,soft
Ludwigsburg,Germany,2026-08-12,32.1,16.6,24.35,hot
Flensburg,Germany,2026-08-12,21.8,8.2,15.0,soft
Konstanz,Germany,2026-08-12,32.7,19.0,25.85,hot
Halle,Germany,2026-08-12,26.0,11.2,18.6,soft
Stralsund,Germany,2026-08-12,19.2,9.7,14.45,soft
Weimar,Germany,2026-08-12,25.9,9.9,17.9,soft
Gera,Germany,2026-08-12,25.9,10.7,18.3,soft
Worms,Germany,2026-08-12,32.0,15.8,23.9,hot
Nordhausen,Germany,2026-08-12,25.9,8.5,17.2,soft
Passau,Germany,2026-08-12,29.6,14.9,22.25,hot
